Episode,Cumulative Reward,Average Delay
1,-20704.299999999996,23.50835322195704
2,-18535.649999999994,19.131147540983605
3,-18683.399999999994,22.49624060150376
4,-7190.6,10.883333333333333
5,-9438.35,13.916267942583731
6,-5701.0999999999985,8.517777777777777
7,-10097.400000000007,13.425427872860636
8,-8060.35,12.548469387755102
9,-9302.300000000001,12.795061728395062
10,-13158.84999999999,16.93285371702638
11,-4967.249999999999,8.554744525547445
12,-3677.150000000002,6.48394495412844
13,-4500.300000000002,7.803782505910165
14,-4248.900000000001,7.337264150943396
15,-3284.2500000000005,5.936218678815489
16,-4755.1,7.586433260393873
17,-2369.7999999999993,4.69682151589242
18,-2769.1500000000005,5.380722891566265
19,-4149.399999999999,6.995495495495495
20,-2262.4499999999985,4.152838427947598
21,-2348.300000000001,4.3954545454545455
22,-2674.1999999999994,5.148235294117647
23,-3204.000000000001,6.0215827338129495
24,-2017.0999999999997,4.141119221411192
25,-2814.850000000001,5.245412844036697
26,-3107.5500000000015,5.990243902439024
27,-1830.45,3.7577937649880098
28,-4537.199999999999,7.577922077922078
29,-3167.150000000001,5.978622327790974
30,-2235.8000000000006,4.521951219512195
31,-2244.2000000000003,4.39344262295082
32,-3243.7500000000005,6.037296037296037
33,-2289.449999999998,4.502369668246446
34,-2145.2000000000003,4.317191283292979
35,-2554.4500000000007,5.065217391304348
36,-3351.2,6.086167800453515
37,-3058.85,5.81924882629108
38,-4401.300000000001,8.004830917874395
39,-1920.75,4.116751269035533
40,-3084.9500000000007,5.697940503432494
41,-2945.6499999999996,5.478359908883827
42,-2014.2499999999995,4.228070175438597
43,-2381.7999999999997,4.7941888619854724
44,-6060.050000000001,8.98611111111111
45,-2626.9999999999986,4.926773455377575
46,-1671.65,3.643037974683544
47,-2590.149999999999,5.040189125295508
48,-2815.7999999999993,5.302752293577981
49,-2752.8500000000004,5.217592592592593
50,-1632.2499999999995,3.6253229974160206
51,-2335.25,4.5260663507109005
52,-2818.9000000000005,5.22972972972973
53,-2554.400000000002,4.719730941704036
54,-1860.0000000000007,3.7642857142857142
55,-2538.4000000000015,4.641758241758242
56,-3140.199999999999,5.709090909090909
57,-2333.4500000000007,4.631578947368421
58,-3455.199999999999,6.068432671081678
59,-3115.7,5.5207877461706785
60,-2402.2,4.899014778325123
61,-2403.950000000001,4.456570155902004
62,-2505.2999999999997,4.7949308755760365
63,-2066.7,4.169047619047619
64,-1964.3999999999992,4.153061224489796
65,-2153.7000000000003,4.028446389496717
66,-2415.15,4.604072398190045
67,-1872.6000000000006,3.8341346153846154
68,-1995.4500000000003,3.7924107142857144
69,-1551.3,3.3797468354430378
70,-1646.45,3.5037406483790523
71,-1453.7499999999993,3.1763224181360203
72,-2041.7,4.095923261390888
73,-2671.549999999999,5.027334851936219
74,-2246.9500000000007,4.279816513761468
75,-1936.8500000000006,3.978048780487805
76,-1668.2499999999986,3.4423076923076925
77,-3687.9,5.967611336032388
78,-1634.4499999999994,3.577608142493639
79,-1476.2499999999998,3.3272251308900525
80,-2059.250000000001,4.108747044917258
81,-1264.7500000000002,3.010928961748634
82,-1841.3000000000002,3.7423167848699763
83,-1894.799999999999,3.7551963048498846
84,-2469.8999999999996,4.74537037037037
85,-2351.75,4.427927927927928
86,-2184.15,4.290697674418604
87,-1651.75,3.3271461716937356
88,-1583.3500000000001,3.19953596287703
89,-1707.2500000000005,3.5180722891566263
90,-1697.549999999999,3.4228971962616823
91,-2404.399999999999,4.321961620469083
92,-2491.900000000001,4.317718940936864
93,-2201.1000000000004,4.181208053691275
94,-1766.2000000000007,3.573809523809524
95,-1510.749999999999,3.259259259259259
96,-2375.4499999999994,4.486425339366516
97,-1608.55,3.334928229665072
98,-1891.7,3.833729216152019
99,-1460.5499999999988,3.0625
100,-1721.05,3.6004901960784315
101,-2598.7000000000003,4.565126050420168
102,-1740.650000000001,3.5187793427230045
103,-2707.600000000001,4.934354485776805
104,-2018.9500000000003,3.880361173814898
105,-1480.0500000000002,3.198511166253102
106,-2201.5499999999997,4.1909090909090905
107,-1931.75,3.776765375854214
108,-1629.249999999999,3.457920792079208
109,-1288.0500000000006,2.7925925925925927
110,-2225.8,4.019189765458422
111,-1992.349999999999,4.01418439716312
112,-1680.7000000000003,3.447619047619048
113,-2082.799999999999,3.9864864864864864
114,-1693.9999999999998,3.5084745762711864
115,-1511.5500000000002,3.1421800947867298
116,-2422.5,4.453159041394335
117,-1685.3000000000004,3.516990291262136
118,-1764.0000000000005,3.5433255269320845
119,-1980.0499999999995,3.867881548974943
120,-2051.1499999999996,3.8637362637362638
